Year,Event,Type
2000,karşı sanat çalışmaları,Karanlık Oda
2016,Mekanda Adalet Derneği,Karanlık Oda
2016,Genedos Kooperatifi,Karanlık Oda
2021,gri alan,Sergi Alanı
2024,Artı Alan,Sergi Alanı
2024,Beyoğlu Caz Festivali,Sergi Alanı
2011,Dünyadan Sesler,Sergi Alanı
2020,Sınırlı Sorumlu Kent Çalışmaları Kooperatifi,Kafe
2014,Yokuşunbaşı,Kitapevi
2011,halka sanat projesi,Kitapevi
2019,Art Halicarnassus,Kitapevi
2013,Maquis Projects,Kitapevi
2016,Birikim Atölyesi,Kitapevi
2018,Rubber Hammer ,Kitapevi
2000,Açık Masa Sanat Inisiyatifi /Open Table Art Initiative,Kitapevi
2015,Inverted Spectrum Records,Kitapevi
2007,Genis Aci Project Office,Kitapevi
1996,Gazhane Çevre Gönüllüleri,Kitapevi
2019,Sanat Okur,Kitapevi
2023,Sisters Music Chain,Kitapevi
2022,Co-Operative Collective,Kitapevi
2020,tibia x fibula,Kitapevi
2022,Yermekân,Kitapevi
2022,Studiolo,Kitapevi
2024,Hangi Sergi Nerede,Kitapevi
2016,sonra,Kitapevi
2023,Montag Residency,Kitapevi
2018,Depo Pergamon İnisiyatifi,Kitapevi
2024,BIDON Kolektif,Kitapevi
2024,Buşone Fanzin ,Kitapevi
2020,@cevrimici40dakika,Kitapevi
2022,Çapak Yazı-Çizi,Kitapevi
2015,Kendine Ait Bir Oda,Kitapevi
2018,Demo lab.,Kitapevi
2007,5533,Kitapevi
2023,Istanbul Film Station,Kitapevi
2023,metr.cube,Kitapevi
2022,garage,Kitapevi
2024,Meserret Oteli Misafir Sanatçı Programı,Kitapevi
2023,Görmenin Ötesi: Sanat Buluşmaları,Kitapevi
2022,Collage Creatures,Kitapevi
2017,VATOZ PLATFORM,Kitapevi
2024,Notio,Kitapevi
2024,TOHUM Sanat Alanı,Kitapevi
2007,Beden İşlemsel Sanatlar Derneği ,Arşiv
2006,K2 Çağdaş Sanat Derneği,Arşiv
2015,Collective Çukurcuma,Arşiv
2006,BAS Sanatçı Kitapları Koleksiyonu,Arşiv
2015,Nomad Mind,Arşiv
2014,Carbon Collective,Arşiv
2000,Çatı Çağdaş Dans Sanatçıları Derneği,Arşiv
2014,OT DERGİ,Arşiv
2023,Anart - Gösteri ve Sanat Evi,Arşiv
2022,Taldans,Arşiv
2020,Üretim Kaydı,Arşiv
2022,ATÖLYE DENEME SANAT VE EKOLOJi DERNEĞİ,Arşiv
2020,Argonotlar,Arşiv
1993,Aras Yayıncılık,Arşiv
2022,Park,Arşiv
2000,qwesfwsdef,Arşiv
2000,karşı sanat çalışmaları,Sponsor
2016,Mekanda Adalet Derneği,Sponsor
2016,Genedos Kooperatifi,Sponsor
2021,gri alan,Aidat
2024,Artı Alan,Aidat
2024,Beyoğlu Caz Festivali,Aidat
2011,Dünyadan Sesler,Aidat
2020,Sınırlı Sorumlu Kent Çalışmaları Kooperatifi,Destekçiler
2014,Yokuşunbaşı,Bağış
2011,halka sanat projesi,Bağış
2019,Art Halicarnassus,Bağış
2013,Maquis Projects,Bağış
2016,Birikim Atölyesi,Bağış
2018,Rubber Hammer ,Bağış
2000,Açık Masa Sanat Inisiyatifi /Open Table Art Initiative,Bağış
2015,Inverted Spectrum Records,Bağış
2007,Genis Aci Project Office,Bağış
1996,Gazhane Çevre Gönüllüleri,Bağış
2019,Sanat Okur,Bağış
2023,Sisters Music Chain,Bağış
2022,Co-Operative Collective,Bağış
2020,tibia x fibula,Bağış
2022,Yermekân,Bağış
2022,Studiolo,Bağış
2024,Hangi Sergi Nerede,Bağış
2016,sonra,Bağış
2023,Montag Residency,Bağış
2018,Depo Pergamon İnisiyatifi,Bağış
2024,BIDON Kolektif,Bağış
2024,Buşone Fanzin ,Bağış
2020,@cevrimici40dakika,Bağış
2022,Çapak Yazı-Çizi,Bağış
2015,Kendine Ait Bir Oda,Bağış
2018,Demo lab.,Bağış
2007,5533,Bağış
2023,Istanbul Film Station,Bağış
2023,metr.cube,Bağış
2022,garage,Bağış
2024,Meserret Oteli Misafir Sanatçı Programı,Bağış
2023,Görmenin Ötesi: Sanat Buluşmaları,Bağış
2022,Collage Creatures,Bağış
2017,VATOZ PLATFORM,Bağış
2024,Notio,Bağış
2024,TOHUM Sanat Alanı,Bağış
2007,Beden İşlemsel Sanatlar Derneği ,Fonlar
2006,K2 Çağdaş Sanat Derneği,Fonlar
2015,Collective Çukurcuma,Fonlar
2006,BAS Sanatçı Kitapları Koleksiyonu,Fonlar
2015,Nomad Mind,Fonlar
2014,Carbon Collective,Fonlar
2000,Çatı Çağdaş Dans Sanatçıları Derneği,Fonlar
2014,OT DERGİ,Fonlar
2023,Anart - Gösteri ve Sanat Evi,Fonlar
2022,Taldans,Fonlar
2020,Üretim Kaydı,Fonlar
2022,ATÖLYE DENEME SANAT VE EKOLOJi DERNEĞİ,Fonlar
2020,Argonotlar,Fonlar
1993,Aras Yayıncılık,Fonlar
2022,Park,Fonlar
2000,qwesfwsdef,Fonlar
2000,karşı sanat çalışmaları,Film Gösterimi
2016,Mekanda Adalet Derneği,Film Gösterimi
2016,Genedos Kooperatifi,Film Gösterimi
2021,gri alan,Sergi
2024,Artı Alan,Sergi
2024,Beyoğlu Caz Festivali,Sergi
2011,Dünyadan Sesler,Sergi
2020,Sınırlı Sorumlu Kent Çalışmaları Kooperatifi,Dans
2014,Yokuşunbaşı,Eğitim
2011,halka sanat projesi,Eğitim
2019,Art Halicarnassus,Eğitim
2013,Maquis Projects,Eğitim
2016,Birikim Atölyesi,Eğitim
2018,Rubber Hammer ,Eğitim
2000,Açık Masa Sanat Inisiyatifi /Open Table Art Initiative,Eğitim
2015,Inverted Spectrum Records,Eğitim
2007,Genis Aci Project Office,Eğitim
1996,Gazhane Çevre Gönüllüleri,Eğitim
2019,Sanat Okur,Eğitim
2023,Sisters Music Chain,Eğitim
2022,Co-Operative Collective,Eğitim
2020,tibia x fibula,Eğitim
2022,Yermekân,Eğitim
2022,Studiolo,Eğitim
2024,Hangi Sergi Nerede,Eğitim
2016,sonra,Eğitim
2023,Montag Residency,Eğitim
2018,Depo Pergamon İnisiyatifi,Eğitim
2024,BIDON Kolektif,Eğitim
2024,Buşone Fanzin ,Eğitim
2020,@cevrimici40dakika,Eğitim
2022,Çapak Yazı-Çizi,Eğitim
2015,Kendine Ait Bir Oda,Eğitim
2018,Demo lab.,Eğitim
2007,5533,Eğitim
2023,Istanbul Film Station,Eğitim
2023,metr.cube,Eğitim
2022,garage,Eğitim
2024,Meserret Oteli Misafir Sanatçı Programı,Eğitim
2023,Görmenin Ötesi: Sanat Buluşmaları,Eğitim
2022,Collage Creatures,Eğitim
2017,VATOZ PLATFORM,Eğitim
2024,Notio,Eğitim
2024,TOHUM Sanat Alanı,Eğitim
2007,Beden İşlemsel Sanatlar Derneği ,Araştırma
2006,K2 Çağdaş Sanat Derneği,Araştırma
2015,Collective Çukurcuma,Araştırma
2006,BAS Sanatçı Kitapları Koleksiyonu,Araştırma
2015,Nomad Mind,Araştırma
2014,Carbon Collective,Araştırma
2000,Çatı Çağdaş Dans Sanatçıları Derneği,Araştırma
2014,OT DERGİ,Araştırma
2023,Anart - Gösteri ve Sanat Evi,Araştırma
2022,Taldans,Araştırma
2020,Üretim Kaydı,Araştırma
2022,ATÖLYE DENEME SANAT VE EKOLOJi DERNEĞİ,Araştırma
2020,Argonotlar,Araştırma
1993,Aras Yayıncılık,Araştırma
2022,Park,Araştırma
2000,qwesfwsdef,Araştırma
2000,karşı sanat çalışmaları,Toplumsal Cinsiyet Grupları
2016,Mekanda Adalet Derneği,Toplumsal Cinsiyet Grupları
2016,Genedos Kooperatifi,Toplumsal Cinsiyet Grupları
2021,gri alan,Yaşlılar
2024,Artı Alan,Yaşlılar
2024,Beyoğlu Caz Festivali,Yaşlılar
2011,Dünyadan Sesler,Yaşlılar
2020,Sınırlı Sorumlu Kent Çalışmaları Kooperatifi,Çocuklar
2014,Yokuşunbaşı,Gençler
2011,halka sanat projesi,Gençler
2019,Art Halicarnassus,Gençler
2013,Maquis Projects,Gençler
2016,Birikim Atölyesi,Gençler
2018,Rubber Hammer ,Gençler
2000,Açık Masa Sanat Inisiyatifi /Open Table Art Initiative,Gençler
2015,Inverted Spectrum Records,Gençler
2007,Genis Aci Project Office,Gençler
1996,Gazhane Çevre Gönüllüleri,Gençler
2019,Sanat Okur,Gençler
2023,Sisters Music Chain,Gençler
2022,Co-Operative Collective,Gençler
2020,tibia x fibula,Gençler
2022,Yermekân,Gençler
2022,Studiolo,Gençler
2024,Hangi Sergi Nerede,Gençler
2016,sonra,Gençler
2023,Montag Residency,Gençler
2018,Depo Pergamon İnisiyatifi,Gençler
2024,BIDON Kolektif,Gençler
2024,Buşone Fanzin ,Gençler
2020,@cevrimici40dakika,Gençler
2022,Çapak Yazı-Çizi,Gençler
2015,Kendine Ait Bir Oda,Gençler
2018,Demo lab.,Gençler
2007,5533,Gençler
2023,Istanbul Film Station,Gençler
2023,metr.cube,Gençler
2022,garage,Gençler
2024,Meserret Oteli Misafir Sanatçı Programı,Gençler
2023,Görmenin Ötesi: Sanat Buluşmaları,Gençler
2022,Collage Creatures,Gençler
2017,VATOZ PLATFORM,Gençler
2024,Notio,Gençler
2024,TOHUM Sanat Alanı,Gençler
2007,Beden İşlemsel Sanatlar Derneği ,Genel
2006,K2 Çağdaş Sanat Derneği,Genel
2015,Collective Çukurcuma,Genel
2006,BAS Sanatçı Kitapları Koleksiyonu,Genel
2015,Nomad Mind,Genel
2014,Carbon Collective,Genel
2000,Çatı Çağdaş Dans Sanatçıları Derneği,Genel
2014,OT DERGİ,Genel
2023,Anart - Gösteri ve Sanat Evi,Genel
2022,Taldans,Genel
2020,Üretim Kaydı,Genel
2022,ATÖLYE DENEME SANAT VE EKOLOJi DERNEĞİ,Genel
2020,Argonotlar,Genel
1993,Aras Yayıncılık,Genel
2022,Park,Genel
2000,qwesfwsdef,Genel
2000,karşı sanat çalışmaları,Sosyal Odaklı Sanat
2016,Mekanda Adalet Derneği,Sosyal Odaklı Sanat
2016,Genedos Kooperatifi,Sosyal Odaklı Sanat
2021,gri alan,Kamusal Alanda Sanat
2024,Artı Alan,Kamusal Alanda Sanat
2024,Beyoğlu Caz Festivali,Kamusal Alanda Sanat
2011,Dünyadan Sesler,Kamusal Alanda Sanat
2020,Sınırlı Sorumlu Kent Çalışmaları Kooperatifi,Sokak Sanatı
2014,Yokuşunbaşı,Gösteri Sanatları
2011,halka sanat projesi,Gösteri Sanatları
2019,Art Halicarnassus,Gösteri Sanatları
2013,Maquis Projects,Gösteri Sanatları
2016,Birikim Atölyesi,Gösteri Sanatları
2018,Rubber Hammer ,Gösteri Sanatları
2000,Açık Masa Sanat Inisiyatifi /Open Table Art Initiative,Gösteri Sanatları
2015,Inverted Spectrum Records,Gösteri Sanatları
2007,Genis Aci Project Office,Gösteri Sanatları
1996,Gazhane Çevre Gönüllüleri,Gösteri Sanatları
2019,Sanat Okur,Gösteri Sanatları
2023,Sisters Music Chain,Gösteri Sanatları
2022,Co-Operative Collective,Gösteri Sanatları
2020,tibia x fibula,Gösteri Sanatları
2022,Yermekân,Gösteri Sanatları
2022,Studiolo,Gösteri Sanatları
2024,Hangi Sergi Nerede,Gösteri Sanatları
2016,sonra,Gösteri Sanatları
2023,Montag Residency,Gösteri Sanatları
2018,Depo Pergamon İnisiyatifi,Gösteri Sanatları
2024,BIDON Kolektif,Gösteri Sanatları
2024,Buşone Fanzin ,Gösteri Sanatları
2020,@cevrimici40dakika,Gösteri Sanatları
2022,Çapak Yazı-Çizi,Gösteri Sanatları
2015,Kendine Ait Bir Oda,Gösteri Sanatları
2018,Demo lab.,Gösteri Sanatları
2007,5533,Gösteri Sanatları
2023,Istanbul Film Station,Gösteri Sanatları
2023,metr.cube,Gösteri Sanatları
2022,garage,Gösteri Sanatları
2024,Meserret Oteli Misafir Sanatçı Programı,Gösteri Sanatları
2023,Görmenin Ötesi: Sanat Buluşmaları,Gösteri Sanatları
2022,Collage Creatures,Gösteri Sanatları
2017,VATOZ PLATFORM,Gösteri Sanatları
2024,Notio,Gösteri Sanatları
2024,TOHUM Sanat Alanı,Gösteri Sanatları
2007,Beden İşlemsel Sanatlar Derneği ,Görsel Sanatlar
2006,K2 Çağdaş Sanat Derneği,Görsel Sanatlar
2015,Collective Çukurcuma,Görsel Sanatlar
2006,BAS Sanatçı Kitapları Koleksiyonu,Görsel Sanatlar
2015,Nomad Mind,Görsel Sanatlar
2014,Carbon Collective,Görsel Sanatlar
2000,Çatı Çağdaş Dans Sanatçıları Derneği,Görsel Sanatlar
2014,OT DERGİ,Görsel Sanatlar
2023,Anart - Gösteri ve Sanat Evi,Görsel Sanatlar
2022,Taldans,Görsel Sanatlar
2020,Üretim Kaydı,Görsel Sanatlar
2022,ATÖLYE DENEME SANAT VE EKOLOJi DERNEĞİ,Görsel Sanatlar
2020,Argonotlar,Görsel Sanatlar
1993,Aras Yayıncılık,Görsel Sanatlar
2022,Park,Görsel Sanatlar
2000,qwesfwsdef,Görsel Sanatlar
2000,karşı sanat çalışmaları,Kollektif
2016,Mekanda Adalet Derneği,Kollektif
2016,Genedos Kooperatifi,Kollektif
2021,gri alan,Şirket
2024,Artı Alan,Şirket
2024,Beyoğlu Caz Festivali,Şirket
2011,Dünyadan Sesler,Şirket
2020,Sınırlı Sorumlu Kent Çalışmaları Kooperatifi,Kooperatif
2014,Yokuşunbaşı,Vakıf
2011,halka sanat projesi,Vakıf
2019,Art Halicarnassus,Vakıf
2013,Maquis Projects,Vakıf
2016,Birikim Atölyesi,Vakıf
2018,Rubber Hammer ,Vakıf
2000,Açık Masa Sanat Inisiyatifi /Open Table Art Initiative,Vakıf
2015,Inverted Spectrum Records,Vakıf
2007,Genis Aci Project Office,Vakıf
1996,Gazhane Çevre Gönüllüleri,Vakıf
2019,Sanat Okur,Vakıf
2023,Sisters Music Chain,Vakıf
2022,Co-Operative Collective,Vakıf
2020,tibia x fibula,Vakıf
2022,Yermekân,Vakıf
2022,Studiolo,Vakıf
2024,Hangi Sergi Nerede,Vakıf
2016,sonra,Vakıf
2023,Montag Residency,Vakıf
2018,Depo Pergamon İnisiyatifi,Vakıf
2024,BIDON Kolektif,Vakıf
2024,Buşone Fanzin ,Vakıf
2020,@cevrimici40dakika,Vakıf
2022,Çapak Yazı-Çizi,Vakıf
2015,Kendine Ait Bir Oda,Vakıf
2018,Demo lab.,Vakıf
2007,5533,Vakıf
2023,Istanbul Film Station,Vakıf
2023,metr.cube,Vakıf
2022,garage,Vakıf
2024,Meserret Oteli Misafir Sanatçı Programı,Vakıf
2023,Görmenin Ötesi: Sanat Buluşmaları,Vakıf
2022,Collage Creatures,Vakıf
2017,VATOZ PLATFORM,Vakıf
2024,Notio,Vakıf
2024,TOHUM Sanat Alanı,Vakıf
2007,Beden İşlemsel Sanatlar Derneği ,Dernek
2006,K2 Çağdaş Sanat Derneği,Dernek
2015,Collective Çukurcuma,Dernek
2006,BAS Sanatçı Kitapları Koleksiyonu,Dernek
2015,Nomad Mind,Dernek
2014,Carbon Collective,Dernek
2000,Çatı Çağdaş Dans Sanatçıları Derneği,Dernek
2014,OT DERGİ,Dernek
2023,Anart - Gösteri ve Sanat Evi,Dernek
2022,Taldans,Dernek
2020,Üretim Kaydı,Dernek
2022,ATÖLYE DENEME SANAT VE EKOLOJi DERNEĞİ,Dernek
2020,Argonotlar,Dernek
1993,Aras Yayıncılık,Dernek
2022,Park,Dernek
2000,qwesfwsdef,Dernek
2000,karşı sanat çalışmaları,Görsel-i̇şitsel Medya
2016,Mekanda Adalet Derneği,Görsel-i̇şitsel Medya
2016,Genedos Kooperatifi,Görsel-i̇şitsel Medya
2021,gri alan,Görsel Sanatlar
2024,Artı Alan,Görsel Sanatlar
2024,Beyoğlu Caz Festivali,Görsel Sanatlar
2011,Dünyadan Sesler,Görsel Sanatlar
2020,Sınırlı Sorumlu Kent Çalışmaları Kooperatifi,Müzik Ve Performans Sanatları
2014,Yokuşunbaşı,Basılı Yayın Ve Edebiyat
2011,halka sanat projesi,Basılı Yayın Ve Edebiyat
2019,Art Halicarnassus,Basılı Yayın Ve Edebiyat
2013,Maquis Projects,Basılı Yayın Ve Edebiyat
2016,Birikim Atölyesi,Basılı Yayın Ve Edebiyat
2018,Rubber Hammer ,Basılı Yayın Ve Edebiyat
2000,Açık Masa Sanat Inisiyatifi /Open Table Art Initiative,Basılı Yayın Ve Edebiyat
2015,Inverted Spectrum Records,Basılı Yayın Ve Edebiyat
2007,Genis Aci Project Office,Basılı Yayın Ve Edebiyat
1996,Gazhane Çevre Gönüllüleri,Basılı Yayın Ve Edebiyat
2019,Sanat Okur,Basılı Yayın Ve Edebiyat
2023,Sisters Music Chain,Basılı Yayın Ve Edebiyat
2022,Co-Operative Collective,Basılı Yayın Ve Edebiyat
2020,tibia x fibula,Basılı Yayın Ve Edebiyat
2022,Yermekân,Basılı Yayın Ve Edebiyat
2022,Studiolo,Basılı Yayın Ve Edebiyat
2024,Hangi Sergi Nerede,Basılı Yayın Ve Edebiyat
2016,sonra,Basılı Yayın Ve Edebiyat
2023,Montag Residency,Basılı Yayın Ve Edebiyat
2018,Depo Pergamon İnisiyatifi,Basılı Yayın Ve Edebiyat
2024,BIDON Kolektif,Basılı Yayın Ve Edebiyat
2024,Buşone Fanzin ,Basılı Yayın Ve Edebiyat
2020,@cevrimici40dakika,Basılı Yayın Ve Edebiyat
2022,Çapak Yazı-Çizi,Basılı Yayın Ve Edebiyat
2015,Kendine Ait Bir Oda,Basılı Yayın Ve Edebiyat
2018,Demo lab.,Basılı Yayın Ve Edebiyat
2007,5533,Basılı Yayın Ve Edebiyat
2023,Istanbul Film Station,Basılı Yayın Ve Edebiyat
2023,metr.cube,Basılı Yayın Ve Edebiyat
2022,garage,Basılı Yayın Ve Edebiyat
2024,Meserret Oteli Misafir Sanatçı Programı,Basılı Yayın Ve Edebiyat
2023,Görmenin Ötesi: Sanat Buluşmaları,Basılı Yayın Ve Edebiyat
2022,Collage Creatures,Basılı Yayın Ve Edebiyat
2017,VATOZ PLATFORM,Basılı Yayın Ve Edebiyat
2024,Notio,Basılı Yayın Ve Edebiyat
2024,TOHUM Sanat Alanı,Basılı Yayın Ve Edebiyat
2007,Beden İşlemsel Sanatlar Derneği ,Kültürel Miras
2006,K2 Çağdaş Sanat Derneği,Kültürel Miras
2015,Collective Çukurcuma,Kültürel Miras
2006,BAS Sanatçı Kitapları Koleksiyonu,Kültürel Miras
2015,Nomad Mind,Kültürel Miras
2014,Carbon Collective,Kültürel Miras
2000,Çatı Çağdaş Dans Sanatçıları Derneği,Kültürel Miras
2014,OT DERGİ,Kültürel Miras
2023,Anart - Gösteri ve Sanat Evi,Kültürel Miras
2022,Taldans,Kültürel Miras
2020,Üretim Kaydı,Kültürel Miras
2022,ATÖLYE DENEME SANAT VE EKOLOJi DERNEĞİ,Kültürel Miras
2020,Argonotlar,Kültürel Miras
1993,Aras Yayıncılık,Kültürel Miras
2022,Park,Kültürel Miras
2000,qwesfwsdef,Kültürel Miras
2021,gri alan,Dağıtık
2024,Artı Alan,Dağıtık
2024,Beyoğlu Caz Festivali,Dağıtık
2011,Dünyadan Sesler,Dağıtık
2020,Sınırlı Sorumlu Kent Çalışmaları Kooperatifi,Çevrimiçi
2014,Yokuşunbaşı,Göçebe
2011,halka sanat projesi,Göçebe
2019,Art Halicarnassus,Göçebe
2013,Maquis Projects,Göçebe
2016,Birikim Atölyesi,Göçebe
2018,Rubber Hammer ,Göçebe
2000,Açık Masa Sanat Inisiyatifi /Open Table Art Initiative,Göçebe
2015,Inverted Spectrum Records,Göçebe
2007,Genis Aci Project Office,Göçebe
1996,Gazhane Çevre Gönüllüleri,Göçebe
2019,Sanat Okur,Göçebe
2023,Sisters Music Chain,Göçebe
2022,Co-Operative Collective,Göçebe
2020,tibia x fibula,Göçebe
2022,Yermekân,Göçebe
2022,Studiolo,Göçebe
2024,Hangi Sergi Nerede,Göçebe
2016,sonra,Göçebe
2023,Montag Residency,Göçebe
2018,Depo Pergamon İnisiyatifi,Göçebe
2024,BIDON Kolektif,Göçebe
2024,Buşone Fanzin ,Göçebe
2020,@cevrimici40dakika,Göçebe
2022,Çapak Yazı-Çizi,Göçebe
2015,Kendine Ait Bir Oda,Göçebe
2018,Demo lab.,Göçebe
2007,5533,Göçebe
2023,Istanbul Film Station,Göçebe
2023,metr.cube,Göçebe
2022,garage,Göçebe
2024,Meserret Oteli Misafir Sanatçı Programı,Göçebe
2023,Görmenin Ötesi: Sanat Buluşmaları,Göçebe
2022,Collage Creatures,Göçebe
2017,VATOZ PLATFORM,Göçebe
2024,Notio,Göçebe
2024,TOHUM Sanat Alanı,Göçebe
2007,Beden İşlemsel Sanatlar Derneği ,Yerleşik..
2006,K2 Çağdaş Sanat Derneği,Yerleşik..
2015,Collective Çukurcuma,Yerleşik..
2006,BAS Sanatçı Kitapları Koleksiyonu,Yerleşik..
2015,Nomad Mind,Yerleşik..
2014,Carbon Collective,Yerleşik..
2000,Çatı Çağdaş Dans Sanatçıları Derneği,Yerleşik..
2014,OT DERGİ,Yerleşik..
2023,Anart - Gösteri ve Sanat Evi,Yerleşik..
2022,Taldans,Yerleşik..
2020,Üretim Kaydı,Yerleşik..
2022,ATÖLYE DENEME SANAT VE EKOLOJi DERNEĞİ,Yerleşik..
2020,Argonotlar,Yerleşik..
1993,Aras Yayıncılık,Yerleşik..
2022,Park,Yerleşik..
2000,qwesfwsdef,Yerleşik..
2000,karşı sanat çalışmaları,diğer
2016,Mekanda Adalet Derneği,diğer
2016,Genedos Kooperatifi,diğer
2021,gri alan,YK üyesi
2024,Artı Alan,YK üyesi
2024,Beyoğlu Caz Festivali,YK üyesi
2011,Dünyadan Sesler,YK üyesi
2020,Sınırlı Sorumlu Kent Çalışmaları Kooperatifi,başkan
2014,Yokuşunbaşı,üye
2011,halka sanat projesi,üye
2019,Art Halicarnassus,üye
2013,Maquis Projects,üye
2016,Birikim Atölyesi,üye
2018,Rubber Hammer ,üye
2000,Açık Masa Sanat Inisiyatifi /Open Table Art Initiative,üye
2015,Inverted Spectrum Records,üye
2007,Genis Aci Project Office,üye
1996,Gazhane Çevre Gönüllüleri,üye
2019,Sanat Okur,üye
2023,Sisters Music Chain,üye
2022,Co-Operative Collective,üye
2020,tibia x fibula,üye
2022,Yermekân,üye
2022,Studiolo,üye
2024,Hangi Sergi Nerede,üye
2016,sonra,üye
2023,Montag Residency,üye
2018,Depo Pergamon İnisiyatifi,üye
2024,BIDON Kolektif,üye
2024,Buşone Fanzin ,üye
2020,@cevrimici40dakika,üye
2022,Çapak Yazı-Çizi,üye
2015,Kendine Ait Bir Oda,üye
2018,Demo lab.,üye
2007,5533,üye
2023,Istanbul Film Station,üye
2023,metr.cube,üye
2022,garage,üye
2024,Meserret Oteli Misafir Sanatçı Programı,üye
2023,Görmenin Ötesi: Sanat Buluşmaları,üye
2022,Collage Creatures,üye
2017,VATOZ PLATFORM,üye
2024,Notio,üye
2024,TOHUM Sanat Alanı,üye
2007,Beden İşlemsel Sanatlar Derneği ,kurucu üye
2006,K2 Çağdaş Sanat Derneği,kurucu üye
2015,Collective Çukurcuma,kurucu üye
2006,BAS Sanatçı Kitapları Koleksiyonu,kurucu üye
2015,Nomad Mind,kurucu üye
2014,Carbon Collective,kurucu üye
2000,Çatı Çağdaş Dans Sanatçıları Derneği,kurucu üye
2014,OT DERGİ,kurucu üye
2023,Anart - Gösteri ve Sanat Evi,kurucu üye
2022,Taldans,kurucu üye
2020,Üretim Kaydı,kurucu üye
2022,ATÖLYE DENEME SANAT VE EKOLOJi DERNEĞİ,kurucu üye
2020,Argonotlar,kurucu üye
1993,Aras Yayıncılık,kurucu üye
2022,Park,kurucu üye
2000,qwesfwsdef,kurucu üye
2007,Beden İşlemsel Sanatlar Derneği ,Halkla ilişkiler
2006,K2 Çağdaş Sanat Derneği,Halkla ilişkiler
2015,Collective Çukurcuma,Halkla ilişkiler
2006,BAS Sanatçı Kitapları Koleksiyonu,Halkla ilişkiler
2015,Nomad Mind,Halkla ilişkiler
2014,Carbon Collective,Halkla ilişkiler
2000,Çatı Çağdaş Dans Sanatçıları Derneği,Halkla ilişkiler
2014,OT DERGİ,Halkla ilişkiler
2023,Anart - Gösteri ve Sanat Evi,Halkla ilişkiler
2022,Taldans,Halkla ilişkiler
2020,Üretim Kaydı,Halkla ilişkiler
2022,ATÖLYE DENEME SANAT VE EKOLOJi DERNEĞİ,Halkla ilişkiler
2020,Argonotlar,Halkla ilişkiler
1993,Aras Yayıncılık,Halkla ilişkiler
2022,Park,Halkla ilişkiler
2000,qwesfwsdef,Halkla ilişkiler
2014,Yokuşunbaşı,Video Montaj
2011,halka sanat projesi,Video Montaj
2019,Art Halicarnassus,Video Montaj
2013,Maquis Projects,Video Montaj
2016,Birikim Atölyesi,Video Montaj
2018,Rubber Hammer ,Video Montaj
2000,Açık Masa Sanat Inisiyatifi /Open Table Art Initiative,Video Montaj
2015,Inverted Spectrum Records,Video Montaj
2007,Genis Aci Project Office,Video Montaj
1996,Gazhane Çevre Gönüllüleri,Video Montaj
2019,Sanat Okur,Video Montaj
2023,Sisters Music Chain,Video Montaj
2022,Co-Operative Collective,Video Montaj
2020,tibia x fibula,Video Montaj
2022,Yermekân,Video Montaj
2022,Studiolo,Video Montaj
2024,Hangi Sergi Nerede,Video Montaj
2016,sonra,Video Montaj
2023,Montag Residency,Video Montaj
2018,Depo Pergamon İnisiyatifi,Video Montaj
2024,BIDON Kolektif,Video Montaj
2024,Buşone Fanzin ,Video Montaj
2020,@cevrimici40dakika,Video Montaj
2022,Çapak Yazı-Çizi,Video Montaj
2015,Kendine Ait Bir Oda,Video Montaj
2018,Demo lab.,Video Montaj
2007,5533,Video Montaj
2023,Istanbul Film Station,Video Montaj
2023,metr.cube,Video Montaj
2022,garage,Video Montaj
2024,Meserret Oteli Misafir Sanatçı Programı,Video Montaj
2023,Görmenin Ötesi: Sanat Buluşmaları,Video Montaj
2022,Collage Creatures,Video Montaj
2017,VATOZ PLATFORM,Video Montaj
2024,Notio,Video Montaj
2024,TOHUM Sanat Alanı,Video Montaj
2020,Sınırlı Sorumlu Kent Çalışmaları Kooperatifi,Editörlük
2021,gri alan,Küratörlük
2024,Artı Alan,Küratörlük
2024,Beyoğlu Caz Festivali,Küratörlük
2011,Dünyadan Sesler,Küratörlük
2000,karşı sanat çalışmaları,Koordinasyon
2016,Mekanda Adalet Derneği,Koordinasyon
2016,Genedos Kooperatifi,Koordinasyon
2007,Beden İşlemsel Sanatlar Derneği ,Fotoğraf Ekipmanları
2006,K2 Çağdaş Sanat Derneği,Fotoğraf Ekipmanları
2015,Collective Çukurcuma,Fotoğraf Ekipmanları
2006,BAS Sanatçı Kitapları Koleksiyonu,Fotoğraf Ekipmanları
2015,Nomad Mind,Fotoğraf Ekipmanları
2014,Carbon Collective,Fotoğraf Ekipmanları
2000,Çatı Çağdaş Dans Sanatçıları Derneği,Fotoğraf Ekipmanları
2014,OT DERGİ,Fotoğraf Ekipmanları
2023,Anart - Gösteri ve Sanat Evi,Fotoğraf Ekipmanları
2022,Taldans,Fotoğraf Ekipmanları
2020,Üretim Kaydı,Fotoğraf Ekipmanları
2022,ATÖLYE DENEME SANAT VE EKOLOJi DERNEĞİ,Fotoğraf Ekipmanları
2020,Argonotlar,Fotoğraf Ekipmanları
1993,Aras Yayıncılık,Fotoğraf Ekipmanları
2022,Park,Fotoğraf Ekipmanları
2000,qwesfwsdef,Fotoğraf Ekipmanları
2014,Yokuşunbaşı,Video Kayıt Ekipmanları
2011,halka sanat projesi,Video Kayıt Ekipmanları
2019,Art Halicarnassus,Video Kayıt Ekipmanları
2013,Maquis Projects,Video Kayıt Ekipmanları
2016,Birikim Atölyesi,Video Kayıt Ekipmanları
2018,Rubber Hammer ,Video Kayıt Ekipmanları
2000,Açık Masa Sanat Inisiyatifi /Open Table Art Initiative,Video Kayıt Ekipmanları
2015,Inverted Spectrum Records,Video Kayıt Ekipmanları
2007,Genis Aci Project Office,Video Kayıt Ekipmanları
1996,Gazhane Çevre Gönüllüleri,Video Kayıt Ekipmanları
2019,Sanat Okur,Video Kayıt Ekipmanları
2023,Sisters Music Chain,Video Kayıt Ekipmanları
2022,Co-Operative Collective,Video Kayıt Ekipmanları
2020,tibia x fibula,Video Kayıt Ekipmanları
2022,Yermekân,Video Kayıt Ekipmanları
2022,Studiolo,Video Kayıt Ekipmanları
2024,Hangi Sergi Nerede,Video Kayıt Ekipmanları
2016,sonra,Video Kayıt Ekipmanları
2023,Montag Residency,Video Kayıt Ekipmanları
2018,Depo Pergamon İnisiyatifi,Video Kayıt Ekipmanları
2024,BIDON Kolektif,Video Kayıt Ekipmanları
2024,Buşone Fanzin ,Video Kayıt Ekipmanları
2020,@cevrimici40dakika,Video Kayıt Ekipmanları
2022,Çapak Yazı-Çizi,Video Kayıt Ekipmanları
2015,Kendine Ait Bir Oda,Video Kayıt Ekipmanları
2018,Demo lab.,Video Kayıt Ekipmanları
2007,5533,Video Kayıt Ekipmanları
2023,Istanbul Film Station,Video Kayıt Ekipmanları
2023,metr.cube,Video Kayıt Ekipmanları
2022,garage,Video Kayıt Ekipmanları
2024,Meserret Oteli Misafir Sanatçı Programı,Video Kayıt Ekipmanları
2023,Görmenin Ötesi: Sanat Buluşmaları,Video Kayıt Ekipmanları
2022,Collage Creatures,Video Kayıt Ekipmanları
2017,VATOZ PLATFORM,Video Kayıt Ekipmanları
2024,Notio,Video Kayıt Ekipmanları
2024,TOHUM Sanat Alanı,Video Kayıt Ekipmanları
2020,Sınırlı Sorumlu Kent Çalışmaları Kooperatifi,Ses-kayıt Ekipmanları
2021,gri alan,VR Ekipmanı
2024,Artı Alan,VR Ekipmanı
2024,Beyoğlu Caz Festivali,VR Ekipmanı
2011,Dünyadan Sesler,VR Ekipmanı
2000,karşı sanat çalışmaları,Ses Sistemi
2016,Mekanda Adalet Derneği,Ses Sistemi
2016,Genedos Kooperatifi,Ses Sistemi
2021,gri alan,Küratörlük
2024,Artı Alan,Küratörlük
2024,Beyoğlu Caz Festivali,Küratörlük
2011,Dünyadan Sesler,Küratörlük
2020,Sınırlı Sorumlu Kent Çalışmaları Kooperatifi,Editörlük
2014,Yokuşunbaşı,Video Montaj
2011,halka sanat projesi,Video Montaj
2019,Art Halicarnassus,Video Montaj
2013,Maquis Projects,Video Montaj
2016,Birikim Atölyesi,Video Montaj
2018,Rubber Hammer ,Video Montaj
2000,Açık Masa Sanat Inisiyatifi /Open Table Art Initiative,Video Montaj
2015,Inverted Spectrum Records,Video Montaj
2007,Genis Aci Project Office,Video Montaj
1996,Gazhane Çevre Gönüllüleri,Video Montaj
2019,Sanat Okur,Video Montaj
2023,Sisters Music Chain,Video Montaj
2022,Co-Operative Collective,Video Montaj
2020,tibia x fibula,Video Montaj
2022,Yermekân,Video Montaj
2022,Studiolo,Video Montaj
2024,Hangi Sergi Nerede,Video Montaj
2016,sonra,Video Montaj
2023,Montag Residency,Video Montaj
2018,Depo Pergamon İnisiyatifi,Video Montaj
2024,BIDON Kolektif,Video Montaj
2024,Buşone Fanzin ,Video Montaj
2020,@cevrimici40dakika,Video Montaj
2022,Çapak Yazı-Çizi,Video Montaj
2015,Kendine Ait Bir Oda,Video Montaj
2018,Demo lab.,Video Montaj
2007,5533,Video Montaj
2023,Istanbul Film Station,Video Montaj
2023,metr.cube,Video Montaj
2022,garage,Video Montaj
2024,Meserret Oteli Misafir Sanatçı Programı,Video Montaj
2023,Görmenin Ötesi: Sanat Buluşmaları,Video Montaj
2022,Collage Creatures,Video Montaj
2017,VATOZ PLATFORM,Video Montaj
2024,Notio,Video Montaj
2024,TOHUM Sanat Alanı,Video Montaj
2007,Beden İşlemsel Sanatlar Derneği ,Halkla ilişkiler
2006,K2 Çağdaş Sanat Derneği,Halkla ilişkiler
2015,Collective Çukurcuma,Halkla ilişkiler
2006,BAS Sanatçı Kitapları Koleksiyonu,Halkla ilişkiler
2015,Nomad Mind,Halkla ilişkiler
2014,Carbon Collective,Halkla ilişkiler
2000,Çatı Çağdaş Dans Sanatçıları Derneği,Halkla ilişkiler
2014,OT DERGİ,Halkla ilişkiler
2023,Anart - Gösteri ve Sanat Evi,Halkla ilişkiler
2022,Taldans,Halkla ilişkiler
2020,Üretim Kaydı,Halkla ilişkiler
2022,ATÖLYE DENEME SANAT VE EKOLOJi DERNEĞİ,Halkla ilişkiler
2020,Argonotlar,Halkla ilişkiler
1993,Aras Yayıncılık,Halkla ilişkiler
2022,Park,Halkla ilişkiler
2000,qwesfwsdef,Halkla ilişkiler
2021,gri alan,VR Ekipmanı
2024,Artı Alan,VR Ekipmanı
2024,Beyoğlu Caz Festivali,VR Ekipmanı
2011,Dünyadan Sesler,VR Ekipmanı
2000,karşı sanat çalışmaları,Ses Sistemi
2016,Mekanda Adalet Derneği,Ses Sistemi
2016,Genedos Kooperatifi,Ses Sistemi
2020,Sınırlı Sorumlu Kent Çalışmaları Kooperatifi,Ses-kayıt Ekipmanları
2014,Yokuşunbaşı,Video Kayıt Ekipmanları
2011,halka sanat projesi,Video Kayıt Ekipmanları
2019,Art Halicarnassus,Video Kayıt Ekipmanları
2013,Maquis Projects,Video Kayıt Ekipmanları
2016,Birikim Atölyesi,Video Kayıt Ekipmanları
2018,Rubber Hammer ,Video Kayıt Ekipmanları
2000,Açık Masa Sanat Inisiyatifi /Open Table Art Initiative,Video Kayıt Ekipmanları
2015,Inverted Spectrum Records,Video Kayıt Ekipmanları
2007,Genis Aci Project Office,Video Kayıt Ekipmanları
1996,Gazhane Çevre Gönüllüleri,Video Kayıt Ekipmanları
2019,Sanat Okur,Video Kayıt Ekipmanları
2023,Sisters Music Chain,Video Kayıt Ekipmanları
2022,Co-Operative Collective,Video Kayıt Ekipmanları
2020,tibia x fibula,Video Kayıt Ekipmanları
2022,Yermekân,Video Kayıt Ekipmanları
2022,Studiolo,Video Kayıt Ekipmanları
2024,Hangi Sergi Nerede,Video Kayıt Ekipmanları
2016,sonra,Video Kayıt Ekipmanları
2023,Montag Residency,Video Kayıt Ekipmanları
2018,Depo Pergamon İnisiyatifi,Video Kayıt Ekipmanları
2024,BIDON Kolektif,Video Kayıt Ekipmanları
2024,Buşone Fanzin ,Video Kayıt Ekipmanları
2020,@cevrimici40dakika,Video Kayıt Ekipmanları
2022,Çapak Yazı-Çizi,Video Kayıt Ekipmanları
2015,Kendine Ait Bir Oda,Video Kayıt Ekipmanları
2018,Demo lab.,Video Kayıt Ekipmanları
2007,5533,Video Kayıt Ekipmanları
2023,Istanbul Film Station,Video Kayıt Ekipmanları
2023,metr.cube,Video Kayıt Ekipmanları
2022,garage,Video Kayıt Ekipmanları
2024,Meserret Oteli Misafir Sanatçı Programı,Video Kayıt Ekipmanları
2023,Görmenin Ötesi: Sanat Buluşmaları,Video Kayıt Ekipmanları
2022,Collage Creatures,Video Kayıt Ekipmanları
2017,VATOZ PLATFORM,Video Kayıt Ekipmanları
2024,Notio,Video Kayıt Ekipmanları
2024,TOHUM Sanat Alanı,Video Kayıt Ekipmanları
2007,Beden İşlemsel Sanatlar Derneği ,Fotoğraf Ekipmanları
2006,K2 Çağdaş Sanat Derneği,Fotoğraf Ekipmanları
2015,Collective Çukurcuma,Fotoğraf Ekipmanları
2006,BAS Sanatçı Kitapları Koleksiyonu,Fotoğraf Ekipmanları
2015,Nomad Mind,Fotoğraf Ekipmanları
2014,Carbon Collective,Fotoğraf Ekipmanları
2000,Çatı Çağdaş Dans Sanatçıları Derneği,Fotoğraf Ekipmanları
2014,OT DERGİ,Fotoğraf Ekipmanları
2023,Anart - Gösteri ve Sanat Evi,Fotoğraf Ekipmanları
2022,Taldans,Fotoğraf Ekipmanları
2020,Üretim Kaydı,Fotoğraf Ekipmanları
2022,ATÖLYE DENEME SANAT VE EKOLOJi DERNEĞİ,Fotoğraf Ekipmanları
2020,Argonotlar,Fotoğraf Ekipmanları
1993,Aras Yayıncılık,Fotoğraf Ekipmanları
2022,Park,Fotoğraf Ekipmanları
2000,qwesfwsdef,Fotoğraf Ekipmanları
2000,karşı sanat çalışmaları,Kişisel Kaynaklar
2016,Mekanda Adalet Derneği,Kişisel Kaynaklar
2016,Genedos Kooperatifi,Kişisel Kaynaklar
2021,gri alan,Bilet Satışı
2024,Artı Alan,Bilet Satışı
2024,Beyoğlu Caz Festivali,Bilet Satışı
2011,Dünyadan Sesler,Bilet Satışı
2020,Sınırlı Sorumlu Kent Çalışmaları Kooperatifi,Ürün Veya Hizmet Satışı
2007,Beden İşlemsel Sanatlar Derneği ,Kiralama
2006,K2 Çağdaş Sanat Derneği,Kiralama
2015,Collective Çukurcuma,Kiralama
2006,BAS Sanatçı Kitapları Koleksiyonu,Kiralama
2015,Nomad Mind,Kiralama
2014,Carbon Collective,Kiralama
2000,Çatı Çağdaş Dans Sanatçıları Derneği,Kiralama
2014,OT DERGİ,Kiralama
2023,Anart - Gösteri ve Sanat Evi,Kiralama
2022,Taldans,Kiralama
2020,Üretim Kaydı,Kiralama
2022,ATÖLYE DENEME SANAT VE EKOLOJi DERNEĞİ,Kiralama
2020,Argonotlar,Kiralama
1993,Aras Yayıncılık,Kiralama
2022,Park,Kiralama
2000,qwesfwsdef,Kiralama
2014,Yokuşunbaşı,Gelir Sağlayıcı Ürün Satışı
2011,halka sanat projesi,Gelir Sağlayıcı Ürün Satışı
2019,Art Halicarnassus,Gelir Sağlayıcı Ürün Satışı
2013,Maquis Projects,Gelir Sağlayıcı Ürün Satışı
2016,Birikim Atölyesi,Gelir Sağlayıcı Ürün Satışı
2018,Rubber Hammer ,Gelir Sağlayıcı Ürün Satışı
2000,Açık Masa Sanat Inisiyatifi /Open Table Art Initiative,Gelir Sağlayıcı Ürün Satışı
2015,Inverted Spectrum Records,Gelir Sağlayıcı Ürün Satışı
2007,Genis Aci Project Office,Gelir Sağlayıcı Ürün Satışı
1996,Gazhane Çevre Gönüllüleri,Gelir Sağlayıcı Ürün Satışı
2019,Sanat Okur,Gelir Sağlayıcı Ürün Satışı
2023,Sisters Music Chain,Gelir Sağlayıcı Ürün Satışı
2022,Co-Operative Collective,Gelir Sağlayıcı Ürün Satışı
2020,tibia x fibula,Gelir Sağlayıcı Ürün Satışı
2022,Yermekân,Gelir Sağlayıcı Ürün Satışı
2022,Studiolo,Gelir Sağlayıcı Ürün Satışı
2024,Hangi Sergi Nerede,Gelir Sağlayıcı Ürün Satışı
2016,sonra,Gelir Sağlayıcı Ürün Satışı
2023,Montag Residency,Gelir Sağlayıcı Ürün Satışı
2018,Depo Pergamon İnisiyatifi,Gelir Sağlayıcı Ürün Satışı
2024,BIDON Kolektif,Gelir Sağlayıcı Ürün Satışı
2024,Buşone Fanzin ,Gelir Sağlayıcı Ürün Satışı
2020,@cevrimici40dakika,Gelir Sağlayıcı Ürün Satışı
2022,Çapak Yazı-Çizi,Gelir Sağlayıcı Ürün Satışı
2015,Kendine Ait Bir Oda,Gelir Sağlayıcı Ürün Satışı
2018,Demo lab.,Gelir Sağlayıcı Ürün Satışı
2007,5533,Gelir Sağlayıcı Ürün Satışı
2023,Istanbul Film Station,Gelir Sağlayıcı Ürün Satışı
2023,metr.cube,Gelir Sağlayıcı Ürün Satışı
2022,garage,Gelir Sağlayıcı Ürün Satışı
2024,Meserret Oteli Misafir Sanatçı Programı,Gelir Sağlayıcı Ürün Satışı
2023,Görmenin Ötesi: Sanat Buluşmaları,Gelir Sağlayıcı Ürün Satışı
2022,Collage Creatures,Gelir Sağlayıcı Ürün Satışı
2017,VATOZ PLATFORM,Gelir Sağlayıcı Ürün Satışı
2024,Notio,Gelir Sağlayıcı Ürün Satışı
2024,TOHUM Sanat Alanı,Gelir Sağlayıcı Ürün Satışı
2000,karşı sanat çalışmaları,Vakıf
2016,Mekanda Adalet Derneği,Vakıf
2016,Genedos Kooperatifi,Vakıf
2021,gri alan,Şirket
2024,Artı Alan,Şirket
2024,Beyoğlu Caz Festivali,Şirket
2011,Dünyadan Sesler,Şirket
2020,Sınırlı Sorumlu Kent Çalışmaları Kooperatifi,Kooperatif
2014,Yokuşunbaşı,Kolektif / İnisiyatif
2011,halka sanat projesi,Kolektif / İnisiyatif
2019,Art Halicarnassus,Kolektif / İnisiyatif
2013,Maquis Projects,Kolektif / İnisiyatif
2016,Birikim Atölyesi,Kolektif / İnisiyatif
2018,Rubber Hammer ,Kolektif / İnisiyatif
2000,Açık Masa Sanat Inisiyatifi /Open Table Art Initiative,Kolektif / İnisiyatif
2015,Inverted Spectrum Records,Kolektif / İnisiyatif
2007,Genis Aci Project Office,Kolektif / İnisiyatif
1996,Gazhane Çevre Gönüllüleri,Kolektif / İnisiyatif
2019,Sanat Okur,Kolektif / İnisiyatif
2023,Sisters Music Chain,Kolektif / İnisiyatif
2022,Co-Operative Collective,Kolektif / İnisiyatif
2020,tibia x fibula,Kolektif / İnisiyatif
2022,Yermekân,Kolektif / İnisiyatif
2022,Studiolo,Kolektif / İnisiyatif
2024,Hangi Sergi Nerede,Kolektif / İnisiyatif
2016,sonra,Kolektif / İnisiyatif
2023,Montag Residency,Kolektif / İnisiyatif
2018,Depo Pergamon İnisiyatifi,Kolektif / İnisiyatif
2024,BIDON Kolektif,Kolektif / İnisiyatif
2024,Buşone Fanzin ,Kolektif / İnisiyatif
2020,@cevrimici40dakika,Kolektif / İnisiyatif
2022,Çapak Yazı-Çizi,Kolektif / İnisiyatif
2015,Kendine Ait Bir Oda,Kolektif / İnisiyatif
2018,Demo lab.,Kolektif / İnisiyatif
2007,5533,Kolektif / İnisiyatif
2023,Istanbul Film Station,Kolektif / İnisiyatif
2023,metr.cube,Kolektif / İnisiyatif
2022,garage,Kolektif / İnisiyatif
2024,Meserret Oteli Misafir Sanatçı Programı,Kolektif / İnisiyatif
2023,Görmenin Ötesi: Sanat Buluşmaları,Kolektif / İnisiyatif
2022,Collage Creatures,Kolektif / İnisiyatif
2017,VATOZ PLATFORM,Kolektif / İnisiyatif
2024,Notio,Kolektif / İnisiyatif
2024,TOHUM Sanat Alanı,Kolektif / İnisiyatif
2007,Beden İşlemsel Sanatlar Derneği ,Dernek
2006,K2 Çağdaş Sanat Derneği,Dernek
2015,Collective Çukurcuma,Dernek
2006,BAS Sanatçı Kitapları Koleksiyonu,Dernek
2015,Nomad Mind,Dernek
2014,Carbon Collective,Dernek
2000,Çatı Çağdaş Dans Sanatçıları Derneği,Dernek
2014,OT DERGİ,Dernek
2023,Anart - Gösteri ve Sanat Evi,Dernek
2022,Taldans,Dernek
2020,Üretim Kaydı,Dernek
2022,ATÖLYE DENEME SANAT VE EKOLOJi DERNEĞİ,Dernek
2020,Argonotlar,Dernek
1993,Aras Yayıncılık,Dernek
2022,Park,Dernek
2000,qwesfwsdef,Dernek
2000,karşı sanat çalışmaları,Eğitim
2016,Mekanda Adalet Derneği,Eğitim
2016,Genedos Kooperatifi,Eğitim
2021,gri alan,Diğer 
2024,Artı Alan,Diğer 
2024,Beyoğlu Caz Festivali,Diğer 
2011,Dünyadan Sesler,Diğer 
2020,Sınırlı Sorumlu Kent Çalışmaları Kooperatifi,Arşivleme & Koruma
2014,Yokuşunbaşı,Araştırma & Alan Çalışması
2011,halka sanat projesi,Araştırma & Alan Çalışması
2019,Art Halicarnassus,Araştırma & Alan Çalışması
2013,Maquis Projects,Araştırma & Alan Çalışması
2016,Birikim Atölyesi,Araştırma & Alan Çalışması
2018,Rubber Hammer ,Araştırma & Alan Çalışması
2000,Açık Masa Sanat Inisiyatifi /Open Table Art Initiative,Araştırma & Alan Çalışması
2015,Inverted Spectrum Records,Araştırma & Alan Çalışması
2007,Genis Aci Project Office,Araştırma & Alan Çalışması
1996,Gazhane Çevre Gönüllüleri,Araştırma & Alan Çalışması
2019,Sanat Okur,Araştırma & Alan Çalışması
2023,Sisters Music Chain,Araştırma & Alan Çalışması
2022,Co-Operative Collective,Araştırma & Alan Çalışması
2020,tibia x fibula,Araştırma & Alan Çalışması
2022,Yermekân,Araştırma & Alan Çalışması
2022,Studiolo,Araştırma & Alan Çalışması
2024,Hangi Sergi Nerede,Araştırma & Alan Çalışması
2016,sonra,Araştırma & Alan Çalışması
2023,Montag Residency,Araştırma & Alan Çalışması
2018,Depo Pergamon İnisiyatifi,Araştırma & Alan Çalışması
2024,BIDON Kolektif,Araştırma & Alan Çalışması
2024,Buşone Fanzin ,Araştırma & Alan Çalışması
2020,@cevrimici40dakika,Araştırma & Alan Çalışması
2022,Çapak Yazı-Çizi,Araştırma & Alan Çalışması
2015,Kendine Ait Bir Oda,Araştırma & Alan Çalışması
2018,Demo lab.,Araştırma & Alan Çalışması
2007,5533,Araştırma & Alan Çalışması
2023,Istanbul Film Station,Araştırma & Alan Çalışması
2023,metr.cube,Araştırma & Alan Çalışması
2022,garage,Araştırma & Alan Çalışması
2024,Meserret Oteli Misafir Sanatçı Programı,Araştırma & Alan Çalışması
2023,Görmenin Ötesi: Sanat Buluşmaları,Araştırma & Alan Çalışması
2022,Collage Creatures,Araştırma & Alan Çalışması
2017,VATOZ PLATFORM,Araştırma & Alan Çalışması
2024,Notio,Araştırma & Alan Çalışması
2024,TOHUM Sanat Alanı,Araştırma & Alan Çalışması
2007,Beden İşlemsel Sanatlar Derneği ,Ağ Geliştirme
2006,K2 Çağdaş Sanat Derneği,Ağ Geliştirme
2015,Collective Çukurcuma,Ağ Geliştirme
2006,BAS Sanatçı Kitapları Koleksiyonu,Ağ Geliştirme
2015,Nomad Mind,Ağ Geliştirme
2014,Carbon Collective,Ağ Geliştirme
2000,Çatı Çağdaş Dans Sanatçıları Derneği,Ağ Geliştirme
2014,OT DERGİ,Ağ Geliştirme
2023,Anart - Gösteri ve Sanat Evi,Ağ Geliştirme
2022,Taldans,Ağ Geliştirme
2020,Üretim Kaydı,Ağ Geliştirme
2022,ATÖLYE DENEME SANAT VE EKOLOJi DERNEĞİ,Ağ Geliştirme
2020,Argonotlar,Ağ Geliştirme
1993,Aras Yayıncılık,Ağ Geliştirme
2022,Park,Ağ Geliştirme
2000,qwesfwsdef,Ağ Geliştirme
2000,karşı sanat çalışmaları,Basılı Yayın
2016,Mekanda Adalet Derneği,Basılı Yayın
2016,Genedos Kooperatifi,Basılı Yayın
2021,gri alan,Atölye
2024,Artı Alan,Atölye
2024,Beyoğlu Caz Festivali,Atölye
2011,Dünyadan Sesler,Atölye
2007,Beden İşlemsel Sanatlar Derneği ,Ağ
2006,K2 Çağdaş Sanat Derneği,Ağ
2015,Collective Çukurcuma,Ağ
2006,BAS Sanatçı Kitapları Koleksiyonu,Ağ
2015,Nomad Mind,Ağ
2014,Carbon Collective,Ağ
2000,Çatı Çağdaş Dans Sanatçıları Derneği,Ağ
2014,OT DERGİ,Ağ
2023,Anart - Gösteri ve Sanat Evi,Ağ
2022,Taldans,Ağ
2020,Üretim Kaydı,Ağ
2022,ATÖLYE DENEME SANAT VE EKOLOJi DERNEĞİ,Ağ
2020,Argonotlar,Ağ
1993,Aras Yayıncılık,Ağ
2022,Park,Ağ
2000,qwesfwsdef,Ağ
2014,Yokuşunbaşı,Ajans
2011,halka sanat projesi,Ajans
2019,Art Halicarnassus,Ajans
2013,Maquis Projects,Ajans
2016,Birikim Atölyesi,Ajans
2018,Rubber Hammer ,Ajans
2000,Açık Masa Sanat Inisiyatifi /Open Table Art Initiative,Ajans
2015,Inverted Spectrum Records,Ajans
2007,Genis Aci Project Office,Ajans
1996,Gazhane Çevre Gönüllüleri,Ajans
2019,Sanat Okur,Ajans
2023,Sisters Music Chain,Ajans
2022,Co-Operative Collective,Ajans
2020,tibia x fibula,Ajans
2022,Yermekân,Ajans
2022,Studiolo,Ajans
2024,Hangi Sergi Nerede,Ajans
2016,sonra,Ajans
2023,Montag Residency,Ajans
2018,Depo Pergamon İnisiyatifi,Ajans
2024,BIDON Kolektif,Ajans
2024,Buşone Fanzin ,Ajans
2020,@cevrimici40dakika,Ajans
2022,Çapak Yazı-Çizi,Ajans
2015,Kendine Ait Bir Oda,Ajans
2018,Demo lab.,Ajans
2007,5533,Ajans
2023,Istanbul Film Station,Ajans
2023,metr.cube,Ajans
2022,garage,Ajans
2024,Meserret Oteli Misafir Sanatçı Programı,Ajans
2023,Görmenin Ötesi: Sanat Buluşmaları,Ajans
2022,Collage Creatures,Ajans
2017,VATOZ PLATFORM,Ajans
2024,Notio,Ajans
2024,TOHUM Sanat Alanı,Ajans
2020,Sınırlı Sorumlu Kent Çalışmaları Kooperatifi,Araştırma Kolektifi
2000,karşı sanat çalışmaları,Diğer
2016,Mekanda Adalet Derneği,Diğer
2016,Genedos Kooperatifi,Diğer
2021,gri alan,Çevre ve Tarım
2024,Artı Alan,Çevre ve Tarım
2024,Beyoğlu Caz Festivali,Çevre ve Tarım
2011,Dünyadan Sesler,Çevre ve Tarım
2020,Sınırlı Sorumlu Kent Çalışmaları Kooperatifi,Bilim ve Teknoloji
2014,Yokuşunbaşı,Beden Pratikleri 
2011,halka sanat projesi,Beden Pratikleri 
2019,Art Halicarnassus,Beden Pratikleri 
2013,Maquis Projects,Beden Pratikleri 
2016,Birikim Atölyesi,Beden Pratikleri 
2018,Rubber Hammer ,Beden Pratikleri 
2000,Açık Masa Sanat Inisiyatifi /Open Table Art Initiative,Beden Pratikleri 
2015,Inverted Spectrum Records,Beden Pratikleri 
2007,Genis Aci Project Office,Beden Pratikleri 
1996,Gazhane Çevre Gönüllüleri,Beden Pratikleri 
2019,Sanat Okur,Beden Pratikleri 
2023,Sisters Music Chain,Beden Pratikleri 
2022,Co-Operative Collective,Beden Pratikleri 
2020,tibia x fibula,Beden Pratikleri 
2022,Yermekân,Beden Pratikleri 
2022,Studiolo,Beden Pratikleri 
2024,Hangi Sergi Nerede,Beden Pratikleri 
2016,sonra,Beden Pratikleri 
2023,Montag Residency,Beden Pratikleri 
2018,Depo Pergamon İnisiyatifi,Beden Pratikleri 
2024,BIDON Kolektif,Beden Pratikleri 
2024,Buşone Fanzin ,Beden Pratikleri 
2020,@cevrimici40dakika,Beden Pratikleri 
2022,Çapak Yazı-Çizi,Beden Pratikleri 
2015,Kendine Ait Bir Oda,Beden Pratikleri 
2018,Demo lab.,Beden Pratikleri 
2007,5533,Beden Pratikleri 
2023,Istanbul Film Station,Beden Pratikleri 
2023,metr.cube,Beden Pratikleri 
2022,garage,Beden Pratikleri 
2024,Meserret Oteli Misafir Sanatçı Programı,Beden Pratikleri 
2023,Görmenin Ötesi: Sanat Buluşmaları,Beden Pratikleri 
2022,Collage Creatures,Beden Pratikleri 
2017,VATOZ PLATFORM,Beden Pratikleri 
2024,Notio,Beden Pratikleri 
2024,TOHUM Sanat Alanı,Beden Pratikleri 
2007,Beden İşlemsel Sanatlar Derneği ,Arşiv ve Koruma
2006,K2 Çağdaş Sanat Derneği,Arşiv ve Koruma
2015,Collective Çukurcuma,Arşiv ve Koruma
2006,BAS Sanatçı Kitapları Koleksiyonu,Arşiv ve Koruma
2015,Nomad Mind,Arşiv ve Koruma
2014,Carbon Collective,Arşiv ve Koruma
2000,Çatı Çağdaş Dans Sanatçıları Derneği,Arşiv ve Koruma
2014,OT DERGİ,Arşiv ve Koruma
2023,Anart - Gösteri ve Sanat Evi,Arşiv ve Koruma
2022,Taldans,Arşiv ve Koruma
2020,Üretim Kaydı,Arşiv ve Koruma
2022,ATÖLYE DENEME SANAT VE EKOLOJi DERNEĞİ,Arşiv ve Koruma
2020,Argonotlar,Arşiv ve Koruma
1993,Aras Yayıncılık,Arşiv ve Koruma
2022,Park,Arşiv ve Koruma
2000,qwesfwsdef,Arşiv ve Koruma
2021,gri alan,Yerleşik
2024,Artı Alan,Yerleşik
2024,Beyoğlu Caz Festivali,Yerleşik
2011,Dünyadan Sesler,Yerleşik
2020,Sınırlı Sorumlu Kent Çalışmaları Kooperatifi,Gezgin
2014,Yokuşunbaşı,Çevrimiçi
2011,halka sanat projesi,Çevrimiçi
2019,Art Halicarnassus,Çevrimiçi
2013,Maquis Projects,Çevrimiçi
2016,Birikim Atölyesi,Çevrimiçi
2018,Rubber Hammer ,Çevrimiçi
2000,Açık Masa Sanat Inisiyatifi /Open Table Art Initiative,Çevrimiçi
2015,Inverted Spectrum Records,Çevrimiçi
2007,Genis Aci Project Office,Çevrimiçi
1996,Gazhane Çevre Gönüllüleri,Çevrimiçi
2019,Sanat Okur,Çevrimiçi
2023,Sisters Music Chain,Çevrimiçi
2022,Co-Operative Collective,Çevrimiçi
2020,tibia x fibula,Çevrimiçi
2022,Yermekân,Çevrimiçi
2022,Studiolo,Çevrimiçi
2024,Hangi Sergi Nerede,Çevrimiçi
2016,sonra,Çevrimiçi
2023,Montag Residency,Çevrimiçi
2018,Depo Pergamon İnisiyatifi,Çevrimiçi
2024,BIDON Kolektif,Çevrimiçi
2024,Buşone Fanzin ,Çevrimiçi
2020,@cevrimici40dakika,Çevrimiçi
2022,Çapak Yazı-Çizi,Çevrimiçi
2015,Kendine Ait Bir Oda,Çevrimiçi
2018,Demo lab.,Çevrimiçi
2007,5533,Çevrimiçi
2023,Istanbul Film Station,Çevrimiçi
2023,metr.cube,Çevrimiçi
2022,garage,Çevrimiçi
2024,Meserret Oteli Misafir Sanatçı Programı,Çevrimiçi
2023,Görmenin Ötesi: Sanat Buluşmaları,Çevrimiçi
2022,Collage Creatures,Çevrimiçi
2017,VATOZ PLATFORM,Çevrimiçi
2024,Notio,Çevrimiçi
2024,TOHUM Sanat Alanı,Çevrimiçi
2007,Beden İşlemsel Sanatlar Derneği ,Dağıtık
2006,K2 Çağdaş Sanat Derneği,Dağıtık
2015,Collective Çukurcuma,Dağıtık
2006,BAS Sanatçı Kitapları Koleksiyonu,Dağıtık
2015,Nomad Mind,Dağıtık
2014,Carbon Collective,Dağıtık
2000,Çatı Çağdaş Dans Sanatçıları Derneği,Dağıtık
2014,OT DERGİ,Dağıtık
2023,Anart - Gösteri ve Sanat Evi,Dağıtık
2022,Taldans,Dağıtık
2020,Üretim Kaydı,Dağıtık
2022,ATÖLYE DENEME SANAT VE EKOLOJi DERNEĞİ,Dağıtık
2020,Argonotlar,Dağıtık
1993,Aras Yayıncılık,Dağıtık
2022,Park,Dağıtık
2000,qwesfwsdef,Dağıtık
2000,karşı sanat çalışmaları,Koordinasyon
2016,Mekanda Adalet Derneği,Koordinasyon
2016,Genedos Kooperatifi,Koordinasyon
2007,Beden İşlemsel Sanatlar Derneği ,Genel
2006,K2 Çağdaş Sanat Derneği,Genel
2015,Collective Çukurcuma,Genel
2006,BAS Sanatçı Kitapları Koleksiyonu,Genel
2015,Nomad Mind,Genel
2014,Carbon Collective,Genel
2000,Çatı Çağdaş Dans Sanatçıları Derneği,Genel
2014,OT DERGİ,Genel
2023,Anart - Gösteri ve Sanat Evi,Genel
2022,Taldans,Genel
2020,Üretim Kaydı,Genel
2022,ATÖLYE DENEME SANAT VE EKOLOJi DERNEĞİ,Genel
2020,Argonotlar,Genel
1993,Aras Yayıncılık,Genel
2022,Park,Genel
2000,qwesfwsdef,Genel
2014,Yokuşunbaşı,Çocuklar
2011,halka sanat projesi,Çocuklar
2019,Art Halicarnassus,Çocuklar
2013,Maquis Projects,Çocuklar
2016,Birikim Atölyesi,Çocuklar
2018,Rubber Hammer ,Çocuklar
2000,Açık Masa Sanat Inisiyatifi /Open Table Art Initiative,Çocuklar
2015,Inverted Spectrum Records,Çocuklar
2007,Genis Aci Project Office,Çocuklar
1996,Gazhane Çevre Gönüllüleri,Çocuklar
2019,Sanat Okur,Çocuklar
2023,Sisters Music Chain,Çocuklar
2022,Co-Operative Collective,Çocuklar
2020,tibia x fibula,Çocuklar
2022,Yermekân,Çocuklar
2022,Studiolo,Çocuklar
2024,Hangi Sergi Nerede,Çocuklar
2016,sonra,Çocuklar
2023,Montag Residency,Çocuklar
2018,Depo Pergamon İnisiyatifi,Çocuklar
2024,BIDON Kolektif,Çocuklar
2024,Buşone Fanzin ,Çocuklar
2020,@cevrimici40dakika,Çocuklar
2022,Çapak Yazı-Çizi,Çocuklar
2015,Kendine Ait Bir Oda,Çocuklar
2018,Demo lab.,Çocuklar
2007,5533,Çocuklar
2023,Istanbul Film Station,Çocuklar
2023,metr.cube,Çocuklar
2022,garage,Çocuklar
2024,Meserret Oteli Misafir Sanatçı Programı,Çocuklar
2023,Görmenin Ötesi: Sanat Buluşmaları,Çocuklar
2022,Collage Creatures,Çocuklar
2017,VATOZ PLATFORM,Çocuklar
2024,Notio,Çocuklar
2024,TOHUM Sanat Alanı,Çocuklar
2020,Sınırlı Sorumlu Kent Çalışmaları Kooperatifi,Gençler
2021,gri alan,Yaşlılar
2024,Artı Alan,Yaşlılar
2024,Beyoğlu Caz Festivali,Yaşlılar
2011,Dünyadan Sesler,Yaşlılar
2000,karşı sanat çalışmaları,Toplumsal Cinsiyet Grupları
2016,Mekanda Adalet Derneği,Toplumsal Cinsiyet Grupları
2016,Genedos Kooperatifi,Toplumsal Cinsiyet Grupları
2014,Yokuşunbaşı,Bağımsızlar Haritası
2011,halka sanat projesi,Bağımsızlar Haritası
2019,Art Halicarnassus,Bağımsızlar Haritası
2013,Maquis Projects,Bağımsızlar Haritası
2016,Birikim Atölyesi,Bağımsızlar Haritası
2018,Rubber Hammer ,Bağımsızlar Haritası
2000,Açık Masa Sanat Inisiyatifi /Open Table Art Initiative,Bağımsızlar Haritası
2015,Inverted Spectrum Records,Bağımsızlar Haritası
2007,Genis Aci Project Office,Bağımsızlar Haritası
1996,Gazhane Çevre Gönüllüleri,Bağımsızlar Haritası
2019,Sanat Okur,Bağımsızlar Haritası
2023,Sisters Music Chain,Bağımsızlar Haritası
2022,Co-Operative Collective,Bağımsızlar Haritası
2020,tibia x fibula,Bağımsızlar Haritası
2022,Yermekân,Bağımsızlar Haritası
2022,Studiolo,Bağımsızlar Haritası
2024,Hangi Sergi Nerede,Bağımsızlar Haritası
2016,sonra,Bağımsızlar Haritası
2023,Montag Residency,Bağımsızlar Haritası
2018,Depo Pergamon İnisiyatifi,Bağımsızlar Haritası
2024,BIDON Kolektif,Bağımsızlar Haritası
2024,Buşone Fanzin ,Bağımsızlar Haritası
2020,@cevrimici40dakika,Bağımsızlar Haritası
2022,Çapak Yazı-Çizi,Bağımsızlar Haritası
2015,Kendine Ait Bir Oda,Bağımsızlar Haritası
2018,Demo lab.,Bağımsızlar Haritası
2007,5533,Bağımsızlar Haritası
2023,Istanbul Film Station,Bağımsızlar Haritası
2023,metr.cube,Bağımsızlar Haritası
2022,garage,Bağımsızlar Haritası
2024,Meserret Oteli Misafir Sanatçı Programı,Bağımsızlar Haritası
2023,Görmenin Ötesi: Sanat Buluşmaları,Bağımsızlar Haritası
2022,Collage Creatures,Bağımsızlar Haritası
2017,VATOZ PLATFORM,Bağımsızlar Haritası
2024,Notio,Bağımsızlar Haritası
2024,TOHUM Sanat Alanı,Bağımsızlar Haritası
2020,Sınırlı Sorumlu Kent Çalışmaları Kooperatifi,harita
2021,gri alan,hakkında
2024,Artı Alan,hakkında
2024,Beyoğlu Caz Festivali,hakkında
2011,Dünyadan Sesler,hakkında
2000,karşı sanat çalışmaları,buluşmalar
2016,Mekanda Adalet Derneği,buluşmalar
2016,Genedos Kooperatifi,buluşmalar
